Year,Rank,University,Score,Link,Country,City,Region,Logo
2017,244, University of Dundee,41.6,https://www.topuniversities.com/universities/university-dundee,United Kingdom,Dundee,https://www.topuniversities.com/sites/default/files/-university-of-dundee_592560cf2aeae70239af4b2c_small.jpg
2017,Europe
2017,374,Aalborg University,31.5,https://www.topuniversities.com/universities/aalborg-university,Denmark,Aalborg,https://www.topuniversities.com/sites/default/files/aalborg-university_1262_small.jpg
2017,Europe
2017,133,Aalto University,57.1,https://www.topuniversities.com/universities/aalto-university,Finland,Espoo,https://www.topuniversities.com/sites/default/files/aalto-university_261_small.jpg
2017,Europe
2017,236,Al-Farabi Kazakh National University,42.5,https://www.topuniversities.com/universities/al-farabi-kazakh-national-university,Kazakhstan,Almaty,https://www.topuniversities.com/sites/default/files/al-farabi-kazakh-national-university_2146_small.jpg
2017,Asia
2017,208,Alma Mater Studiorum - University of Bologna,46,https://www.topuniversities.com/universities/alma-mater-studiorum-university-bologna,Italy,Bologna,https://www.topuniversities.com/sites/default/files/alma-mater-studiorum-university-of-bologna_592560cf2aeae70239af4ac0_small.jpg
2017,Europe
2017,228,American University of Beirut (AUB),43.3,https://www.topuniversities.com/universities/american-university-beirut-aub,Lebanon,Beirut ,https://www.topuniversities.com/sites/default/files/american-university-of-beirut-aub_780_small.jpg
2017,Asia
2017,222,Arizona State University,44.2,https://www.topuniversities.com/universities/arizona-state-university,United States,Phoenix,https://www.topuniversities.com/sites/default/files/arizona-state-university_592560cf2aeae70239af4a9c_small.jpg
2017,North America
2017,389,Beijing Institute of Technology,30.8,https://www.topuniversities.com/universities/beijing-institute-technology,China (Mainland),Beijing,https://www.topuniversities.com/sites/default/files/beijing-institute-of-technology_868_small.jpg
2017,Asia
2017,354,Belarusian State University,33,https://www.topuniversities.com/universities/belarusian-state-university,Belarus,Minsk,https://www.topuniversities.com/sites/default/files/belarusian-state-university_14128_small.jpg
2017,Europe
2017,320,Ben-Gurion University of The Negev,35.4,https://www.topuniversities.com/universities/ben-gurion-university-negev,Israel,Be'er Sheva,https://www.topuniversities.com/sites/default/files/ben-gurion-university-of-the-negev_592560cf2aeae70239af4ab7_small.jpg
2017,Asia
2017,299,Boston College,36.9,https://www.topuniversities.com/universities/boston-college,United States,Newton,https://www.topuniversities.com/sites/default/files/boston-college_723_small.jpg
2017,North America
2017,49,Brown University,77.8,https://www.topuniversities.com/universities/brown-university,United States,Providence,https://www.topuniversities.com/sites/default/files/brown-university_72_small.jpg
2017,North America
2017,5,California Institute of Technology (Caltech),96.9,https://www.topuniversities.com/universities/california-institute-technology-caltech,United States,Pasadena,https://www.topuniversities.com/sites/default/files/california-institute-of-technology-caltech_94_small.jpg
2017,North America
2017,140,Cardiff University,55.7,https://www.topuniversities.com/universities/cardiff-university,United Kingdom,Cardiff,https://www.topuniversities.com/sites/default/files/cardiff-university_592560cf2aeae70239af4ae6_small.jpg
2017,Europe
2017,58,Carnegie Mellon University,74.2,https://www.topuniversities.com/universities/carnegie-mellon-university,United States,Pittsburgh,https://www.topuniversities.com/sites/default/files/carnegie-mellon-university_101_small.jpg
2017,North America
2017,202,Case Western Reserve University,46.4,https://www.topuniversities.com/universities/case-western-reserve-university,United States,Cleveland,https://www.topuniversities.com/sites/default/files/case-western-reserve-university_102_small.jpg
2017,North America
2017,164,CentraleSupélec,52.1,https://www.topuniversities.com/universities/centralesupelec,France,Saint-Aubin,https://www.topuniversities.com/sites/default/files/centralesuplec_173_small.jpg
2017,Europe
2017,302,Charles University,36.7,https://www.topuniversities.com/universities/charles-university,Czech Republic,Prague,https://www.topuniversities.com/sites/default/files/charles-university_117_small.jpg
2017,Europe
2017,252,Chulalongkorn University,40.6,https://www.topuniversities.com/universities/chulalongkorn-university,Thailand,Bangkok,https://www.topuniversities.com/sites/default/files/chulalongkorn-university_592560cf2aeae70239af4b01_small.jpg
2017,Asia
2017,386,Chung-Ang University (CAU),30.9,https://www.topuniversities.com/universities/chung-ang-university-cau,South Korea,Seoul,https://www.topuniversities.com/sites/default/files/chung-ang-university-cau_1042_small.jpg
2017,Asia
2017,314,City|| University of London,35.8,https://www.topuniversities.com/universities/city-university-london,United Kingdom,London,https://www.topuniversities.com/sites/default/files/city-university-of-london_354_small.jpg
2017,Europe
2017,20,Columbia University,88.6,https://www.topuniversities.com/universities/columbia-university,United States,New York City,https://www.topuniversities.com/sites/default/files/columbia-university_138_small.jpg
2017,North America
2017,16,Cornell University,90.1,https://www.topuniversities.com/universities/cornell-university,United States,Ithaca,https://www.topuniversities.com/sites/default/files/cornell-university_143_small.jpg
2017,North America
2017,306,Curtin University,36.3,https://www.topuniversities.com/universities/curtin-university,Australia,Perth,https://www.topuniversities.com/sites/default/files/curtin-university_150_small.jpg
2017,Oceania
2017,158,Dartmouth College,53,https://www.topuniversities.com/universities/dartmouth-college,United States,Hanover,https://www.topuniversities.com/sites/default/files/dartmouth-college_592560cf2aeae70239af4b1c_small.jpg
2017,North America
2017,62,Delft University of Technology,72.1,https://www.topuniversities.com/universities/delft-university-technology,Netherlands,Delft,https://www.topuniversities.com/sites/default/files/delft-university-of-technology_155_small.jpg
2017,Europe
2017,74,Durham University,68.8,https://www.topuniversities.com/universities/durham-university,United Kingdom,Durham,https://www.topuniversities.com/sites/default/files/durham-university_170_small.jpg
2017,Europe
2017,14,EPFL,91.1,https://www.topuniversities.com/universities/epfl,Switzerland,Lausanne,https://www.topuniversities.com/sites/default/files/epfl-ecole-polytechnique-federale-de-lausanne_592560cf2aeae70239af4b34_small.jpg
2017,Europe
2017,53,Ecole Polytechnique,75.7,https://www.topuniversities.com/universities/ecole-polytechnique,France,Palaiseau,https://www.topuniversities.com/sites/default/files/ecole-polytechnique_592560cf2aeae70239af4b36_small.jpg
2017,Europe
2017,268,Ecole des Ponts ParisTech,39.1,https://www.topuniversities.com/universities/ecole-des-ponts-paristech,France,Paris,https://www.topuniversities.com/sites/default/files/ecole-des-ponts-paristech_187_small.jpg
2017,Europe
2017,121,Eindhoven University of Technology,58.9,https://www.topuniversities.com/universities/eindhoven-university-technology,Netherlands,Eindhoven,https://www.topuniversities.com/sites/default/files/eindhoven-university-of-technology_592560cf2aeae70239af4b3c_small.jpg
2017,Europe
2017,149,Emory University,54.1,https://www.topuniversities.com/universities/emory-university,United States,Atlanta,https://www.topuniversities.com/sites/default/files/emory-university_185_small.jpg
2017,North America
2017,144,Erasmus University Rotterdam ,55.5,https://www.topuniversities.com/universities/erasmus-university-rotterdam,Netherlands,Rotterdam,https://www.topuniversities.com/sites/default/files/erasmus-university-rotterdam_190_small.jpg
2017,Europe
2017,363,George Washington University,32.3,https://www.topuniversities.com/universities/george-washington-university,United States,Ashburn,https://www.topuniversities.com/sites/default/files/george-washington-university_223_small.jpg
2017,North America
2017,264,Goethe-University Frankfurt am Main,39.2,https://www.topuniversities.com/universities/goethe-university-frankfurt-am-main,Germany,Frankfurt,https://www.topuniversities.com/sites/default/files/universitt-frankfurt-am-main_214_small.jpg
2017,Europe
2017,336,Griffith University,34.4,https://www.topuniversities.com/universities/griffith-university,Australia,Nathan,https://www.topuniversities.com/sites/default/files/griffith-university_242_small.jpg
2017,Oceania
2017,278,Harbin Institute of Technology,37.9,https://www.topuniversities.com/universities/harbin-institute-technology,China (Mainland),Harbin,https://www.topuniversities.com/sites/default/files/harbin-institute-of-technology_877_small.jpg
2017,Asia
2017,3,Harvard University,98.3,https://www.topuniversities.com/universities/harvard-university,United States,Cambridge,https://www.topuniversities.com/sites/default/files/harvard-university_253_small.jpg
2017,North America
2017,327,Heriot-Watt University,34.8,https://www.topuniversities.com/universities/heriot-watt-university,United Kingdom,Edinburgh,https://www.topuniversities.com/sites/default/files/heriot-watt-university_592560cf2aeae70239af4d5f_small.jpg
2017,Europe
2017,297,Hiroshima University,37,https://www.topuniversities.com/universities/hiroshima-university,Japan,Higashihiroshima City,https://www.topuniversities.com/sites/default/files/hiroshima-university_264_small.jpg
2017,Asia
2017,130,Hokkaido University,57.8,https://www.topuniversities.com/universities/hokkaido-university,Japan,Sapporo,https://www.topuniversities.com/sites/default/files/hokkaido-university_266_small.jpg
2017,Asia
2017,9,Imperial College London,94.1,https://www.topuniversities.com/universities/imperial-college-london,United Kingdom,London,https://www.topuniversities.com/sites/default/files/imperial-college-london_592560cf2aeae70239af4be8_small.jpg
2017,Europe
2017,302,Indian Institute of Technology Kanpur (IITK),36.7,https://www.topuniversities.com/universities/indian-institute-technology-kanpur-iitk,India,Kanpur,https://www.topuniversities.com/sites/default/files/indian-institute-of-technology-kanpur-iitk_592560cf2aeae70239af4ba5_small.jpg
2017,Asia
2017,399,Indian Institute of Technology Roorkee (IITR),30.4,https://www.topuniversities.com/universities/indian-institute-technology-roorkee-iitr,India,Roorkee,https://www.topuniversities.com/sites/default/files/indian-institute-of-technology-roorkee-iitr_287_small.jpg
2017,Asia
2017,46,KAIST - Korea Advanced Institute of Science & Technology,77.9,https://www.topuniversities.com/universities/kaist-korea-advanced-institute-science-technology,South Korea,Daejeon,https://www.topuniversities.com/sites/default/files/kaist-korea-advanced-institute-of-science-technology_324_small.jpg
2017,Asia
2017,216,Keio University,45.1,https://www.topuniversities.com/universities/keio-university,Japan,Tokyo,https://www.topuniversities.com/sites/default/files/keio-university_592560cf2aeae70239af4bbe_small.jpg
2017,Asia
2017,283,King Abdulaziz University (KAU),37.6,https://www.topuniversities.com/universities/king-abdulaziz-university-kau,Saudi Arabia,Jeddah,https://www.topuniversities.com/sites/default/files/king-abdulaziz-university-kau_1172_small.jpg
2017,Asia
2017,189,King Fahd University of Petroleum & Minerals,48.3,https://www.topuniversities.com/universities/king-fahd-university-petroleum-minerals,Saudi Arabia,Dhahran,https://www.topuniversities.com/sites/default/files/king-fahd-university-of-petroleum-minerals_779_small.jpg
2017,Asia
2017,369,Kobe University,32,https://www.topuniversities.com/universities/kobe-university,Japan,Kobe City,https://www.topuniversities.com/sites/default/files/kobe-university_320_small.jpg
2017,Asia
2017,264,Kyung Hee University,39.2,https://www.topuniversities.com/universities/kyung-hee-university,South Korea,,https://www.topuniversities.com/sites/default/files/kyung-hee-university_592560cf2aeae70239af4bcd_small.jpg
2017,Asia
2017,345,L.N. Gumilyov Eurasian National University (ENU),33.8,https://www.topuniversities.com/universities/ln-gumilyov-eurasian-national-university-enu,Kazakhstan,Nur-Sultan,https://www.topuniversities.com/sites/default/files/l.n.-gumilyov-eurasian-national-university-enu_592560cf2aeae70239af52e8_small.jpg
2017,Asia
2017,102,Leiden University,62.7,https://www.topuniversities.com/universities/leiden-university,Netherlands,Leiden,https://www.topuniversities.com/sites/default/files/leiden-university_340_small.jpg
2017,Europe
2017,343,Lincoln University ,33.9,https://www.topuniversities.com/universities/lincoln-university,New Zealand,Lincoln,https://www.topuniversities.com/sites/default/files/lincoln-university-_592560cf2aeae70239af4ef3_small.jpg
2017,Oceania
2017,282,Linköping University,37.7,https://www.topuniversities.com/universities/linkoping-university,Sweden,Linköping,https://www.topuniversities.com/sites/default/files/linkping-university_348_small.jpg
2017,Europe
2017,108,Lomonosov Moscow State University,62.1,https://www.topuniversities.com/universities/lomonosov-moscow-state-university,Russia,Moscow,https://www.topuniversities.com/sites/default/files/lomonosov-moscow-state-university-_592560cf2aeae70239af4c27_small.jpg
2017,Europe
2017,68,Ludwig-Maximilians-Universität München,70.2,https://www.topuniversities.com/universities/ludwig-maximilians-universitat-munchen,Germany,Munich,https://www.topuniversities.com/sites/default/files/ludwig-maximilians-universitt-mnchen_420_small.jpg
2017,Europe
2017,1,Massachusetts Institute of Technology (MIT) ,100,https://www.topuniversities.com/universities/massachusetts-institute-technology-mit,United States,Cambridge,https://www.topuniversities.com/sites/default/files/massachusetts-institute-of-technology-mit_410_small.jpg
2017,North America
2017,340,Massey University,34.1,https://www.topuniversities.com/universities/massey-university,New Zealand,Palmerston North,https://www.topuniversities.com/sites/default/files/massey-university_395_small.jpg
2017,Oceania
2017,30,McGill University,84.1,https://www.topuniversities.com/universities/mcgill-university,Canada,Montreal,https://www.topuniversities.com/sites/default/files/mcgill-university_592560cf2aeae70239af4c10_small.jpg
2017,North America
2017,160,Michigan State University,52.6,https://www.topuniversities.com/universities/michigan-state-university,United States,East Lansing,https://www.topuniversities.com/sites/default/files/michigan-state-university_402_small.jpg
2017,North America
2017,350,Moscow Institute of Physics and Technology (MIPT / Moscow Phystech),33.4,https://www.topuniversities.com/universities/moscow-institute-physics-technology-mipt-moscow-phystech,Russia,Dolgoprudny,https://www.topuniversities.com/sites/default/files/moscow-institute-of-physics-and-technology-mipt-moscow-phystech_15270_small.jpg
2017,Europe
2017,115,Nagoya University,59.6,https://www.topuniversities.com/universities/nagoya-university,Japan,Nagoya,https://www.topuniversities.com/sites/default/files/nagoya-university_427_small.jpg
2017,Asia
2017,174,National Chiao Tung University,50.1,https://www.topuniversities.com/universities/national-chiao-tung-university,Taiwan,Hsinchu City,https://www.topuniversities.com/sites/default/files/national-chiao-tung-university_437_small.jpg
2017,Asia
2017,400,National Research Tomsk Polytechnic University,30.3,https://www.topuniversities.com/universities/national-research-tomsk-polytechnic-university,Russia,,https://www.topuniversities.com/sites/default/files/national-research-tomsk-polytechnic-university_14158_small.jpg
2017,Europe
2017,395,National Sun Yat-sen University,30.5,https://www.topuniversities.com/universities/national-sun-yat-sen-university,Taiwan,Kaohsiung City,https://www.topuniversities.com/sites/default/files/national-sun-yat-sen-university_439_small.jpg
2017,Asia
2017,310,National Taiwan Normal University,36,https://www.topuniversities.com/universities/national-taiwan-normal-university,Taiwan,Taipei City,https://www.topuniversities.com/sites/default/files/national-taiwan-normal-university_440_small.jpg
2017,Asia
2017,249,National University of Ireland Galway,41,https://www.topuniversities.com/universities/national-university-ireland-galway,Ireland,Galway,https://www.topuniversities.com/sites/default/files/national-university-of-ireland-galway_220_small.jpg
2017,Europe
2017,168,Newcastle University,51.8,https://www.topuniversities.com/universities/newcastle-university,United Kingdom,Newcastle upon Tyne,https://www.topuniversities.com/sites/default/files/newcastle-university_592560cf2aeae70239af4c45_small.jpg
2017,Europe
2017,26,Northwestern University,85.7,https://www.topuniversities.com/universities/northwestern-university,United States,Evanston,https://www.topuniversities.com/sites/default/files/northwestern-university_592560cf2aeae70239af4c50_small.jpg
2017,North America
2017,11,Princeton University,92.8,https://www.topuniversities.com/universities/princeton-university,United States,Princeton,https://www.topuniversities.com/sites/default/files/princeton-university_508_small.jpg
2017,North America
2017,92,Purdue University,64.5,https://www.topuniversities.com/universities/purdue-university,United States,West Lafayette,https://www.topuniversities.com/sites/default/files/purdue-university_510_small.jpg
2017,North America
2017,123,Queen Mary University of London,58.7,https://www.topuniversities.com/universities/queen-mary-university-london,United Kingdom,London,https://www.topuniversities.com/sites/default/files/queen-mary-university-of-london_592560cf2aeae70239af4bea_small.jpg
2017,Europe
2017,223,Queen's University at Kingston,44,https://www.topuniversities.com/universities/queens-university-kingston,Canada,Kingston,https://www.topuniversities.com/sites/default/files/queens-university-at-kingston_513_small.jpg
2017,North America
2017,276,Queensland University of Technology (QUT),38.1,https://www.topuniversities.com/universities/queensland-university-technology-qut,Australia,Brisbane,https://www.topuniversities.com/sites/default/files/queensland-university-of-technology-qut_592560cf2aeae70239af4c88_small.jpg
2017,Oceania
2017,146,RWTH Aachen University,55,https://www.topuniversities.com/universities/rwth-aachen-university,Germany,Aachen,https://www.topuniversities.com/sites/default/files/rwth-aachen-university_4_small.jpg
2017,Europe
2017,310,Rensselaer Polytechnic Institute,36,https://www.topuniversities.com/universities/rensselaer-polytechnic-institute,United States,Troy,https://www.topuniversities.com/sites/default/files/rensselaer-polytechnic-institute_522_small.jpg
2017,North America
2017,90,Rice University,65,https://www.topuniversities.com/universities/rice-university,United States,Houston,https://www.topuniversities.com/sites/default/files/rice-university_524_small.jpg
2017,North America
2017,72,Ruprecht-Karls-Universität Heidelberg,69.7,https://www.topuniversities.com/universities/ruprecht-karls-universitat-heidelberg,Germany,Heidelberg,https://www.topuniversities.com/sites/default/files/ruprecht-karls-universitaet-heidelberg_259_small.jpg
2017,Europe
2017,252,SOAS University of London ,40.6,https://www.topuniversities.com/universities/soas-university-london,United Kingdom,London,https://www.topuniversities.com/sites/default/files/soas-university-of-london-_592560cf2aeae70239af4bf0_small.jpg
2017,Europe
2017,258,Saint Petersburg State University,40.1,https://www.topuniversities.com/universities/saint-petersburg-state-university,Russia,Saint Petersburg,https://www.topuniversities.com/sites/default/files/saint-petersburg-state-university_592560cf2aeae70239af4cc0_small.jpg
2017,Europe
2017,220,Sciences Po ,44.5,https://www.topuniversities.com/universities/sciences-po,France,Paris,https://www.topuniversities.com/sites/default/files/sciences-po-_592560cf2aeae70239af4c64_small.jpg
2017,Europe
2017,226,Simon Fraser University,43.6,https://www.topuniversities.com/universities/simon-fraser-university,Canada,Burnaby,https://www.topuniversities.com/sites/default/files/simon-fraser-university_562_small.jpg
2017,North America
2017,395,Stellenbosch University,30.5,https://www.topuniversities.com/universities/stellenbosch-university,South Africa,Stellenbosch,https://www.topuniversities.com/sites/default/files/stellenbosch-university_574_small.jpg
2017,Africa
2017,196,Stockholm University,47.2,https://www.topuniversities.com/universities/stockholm-university,Sweden,Stockholm,https://www.topuniversities.com/sites/default/files/stockholm-university_577_small.jpg
2017,Europe
2017,106,Sungkyunkwan University(SKKU),62.2,https://www.topuniversities.com/universities/sungkyunkwan-universityskku,South Korea,Suwon,https://www.topuniversities.com/sites/default/files/sungkyunkwan-universityskku_592560cf2aeae70239af4cc9_small.jpg
2017,Asia
2017,390,Swansea University,30.7,https://www.topuniversities.com/universities/swansea-university,United Kingdom,Swansea,https://www.topuniversities.com/sites/default/files/swansea-university_592560cf2aeae70239af4cce_small.jpg
2017,Europe
2017,247,Technical University of Darmstadt,41.2,https://www.topuniversities.com/universities/technical-university-darmstadt,Germany,Darmstadt,https://www.topuniversities.com/sites/default/files/technische-universitt-darmstadt_628_small.jpg
2017,Europe
2017,60,Technical University of Munich,72.4,https://www.topuniversities.com/universities/technical-university-munich,Germany,Munich,https://www.topuniversities.com/sites/default/files/technical-university-of-munich_599_small.jpg
2017,Europe
2017,164,Technische Universität Berlin (TU Berlin),52.1,https://www.topuniversities.com/universities/technische-universitat-berlin-tu-berlin,Germany,Berlin,https://www.topuniversities.com/sites/default/files/technische-universitt-berlin-tu-berlin_595_small.jpg
2017,Europe
2017,183,Technische Universität Wien,48.8,https://www.topuniversities.com/universities/vienna-university-technology,Austria,Vienna,https://www.topuniversities.com/sites/default/files/vienna-university-of-technology_653_small.jpg
2017,Europe
2017,212,Tel Aviv University,45.6,https://www.topuniversities.com/universities/tel-aviv-university,Israel,Tel Aviv,https://www.topuniversities.com/sites/default/files/tel-aviv-university_592560cf2aeae70239af4cde_small.jpg
2017,Asia
2017,365,The American University in Cairo,32.2,https://www.topuniversities.com/universities/american-university-cairo,Egypt,Cairo,https://www.topuniversities.com/sites/default/files/the-american-university-in-cairo_36_small.jpg
2017,Africa
2017,22,The Australian National University,87.3,https://www.topuniversities.com/universities/australian-national-university,Australia,Canberra,https://www.topuniversities.com/sites/default/files/the-australian-national-university_40_small.jpg
2017,Oceania
2017,44,The Chinese University of Hong Kong (CUHK),78.1,https://www.topuniversities.com/universities/chinese-university-hong-kong-cuhk,Hong Kong SAR,Hong Kong,https://www.topuniversities.com/sites/default/files/the-chinese-university-of-hong-kong-cuhk_123_small.jpg
2017,Asia
2017,148,The Hebrew University of Jerusalem,54.2,https://www.topuniversities.com/universities/hebrew-university-jerusalem,Israel,Jerusalem,https://www.topuniversities.com/sites/default/files/the-hebrew-university-of-jerusalem_256_small.jpg
2017,Asia
2017,36,The Hong Kong University of Science and Technology,81.8,https://www.topuniversities.com/universities/hong-kong-university-science-technology,Hong Kong SAR,Hong Kong,https://www.topuniversities.com/sites/default/files/the-hong-kong-university-of-science-and-technology_269_small.jpg
2017,Asia
2017,37,The London School of Economics and Political Science (LSE),81.7,https://www.topuniversities.com/universities/london-school-economics-political-science-lse,United Kingdom,London,https://www.topuniversities.com/sites/default/files/london-school-of-economics-and-political-science-lse_362_small.jpg
2017,Europe
2017,88,The Ohio State University,65.4,https://www.topuniversities.com/universities/ohio-state-university,United States,Columbus,https://www.topuniversities.com/sites/default/files/the-ohio-state-university_465_small.jpg
2017,North America
2017,42,The University of Melbourne,79.5,https://www.topuniversities.com/universities/university-melbourne,Australia,Parkville,https://www.topuniversities.com/sites/default/files/the-university-of-melbourne_399_small.jpg
2017,Oceania
2017,84,The University of Sheffield,66.9,https://www.topuniversities.com/universities/university-sheffield,United Kingdom,Sheffield,https://www.topuniversities.com/sites/default/files/the-university-of-sheffield_592560cf2aeae70239af4cb1_small.jpg
2017,Europe
2017,46,The University of Sydney,77.9,https://www.topuniversities.com/universities/university-sydney,Australia,Sydney,https://www.topuniversities.com/sites/default/files/the-university-of-sydney_592560cf2aeae70239af4cd0_small.jpg
2017,Oceania
2017,34,The University of Tokyo,82.6,https://www.topuniversities.com/universities/university-tokyo,Japan,Tokyo,https://www.topuniversities.com/sites/default/files/the-university-of-tokyo_615_small.jpg
2017,Asia
2017,51,The University of Warwick,77.6,https://www.topuniversities.com/universities/university-warwick,United Kingdom,Coventry,https://www.topuniversities.com/sites/default/files/the-university-of-warwick_664_small.jpg
2017,Europe
2017,330,Tilburg University,34.6,https://www.topuniversities.com/universities/tilburg-university,Netherlands,Tilburg,https://www.topuniversities.com/sites/default/files/tilburg-university_592560cf2aeae70239af4ce5_small.jpg
2017,Europe
2017,56,Tokyo Institute of Technology (Tokyo Tech),74.9,https://www.topuniversities.com/universities/tokyo-institute-technology-tokyo-tech,Japan,Tokyo,https://www.topuniversities.com/sites/default/files/tokyo-institute-of-technology_592560cf2aeae70239af4ceb_small.jpg
2017,Asia
2017,315,Tongji University,35.7,https://www.topuniversities.com/universities/tongji-university,China (Mainland),Shanghai,https://www.topuniversities.com/sites/default/files/tongji-university_617_small.jpg
2017,Asia
2017,98,Trinity College Dublin|| The University of Dublin,62.8,https://www.topuniversities.com/universities/trinity-college-dublin-university-dublin,Ireland,Dublin,https://www.topuniversities.com/sites/default/files/trinity-college-dublin-the-university-of-dublin_167_small.jpg
2017,Europe
2017,24,Tsinghua University,86,https://www.topuniversities.com/universities/tsinghua-university,China (Mainland),Beijing,https://www.topuniversities.com/sites/default/files/tsinghua-university_626_small.jpg
2017,Asia
2017,238,Tufts University,42.2,https://www.topuniversities.com/universities/tufts-university,United States,Medford,https://www.topuniversities.com/sites/default/files/tufts-university_630_small.jpg
2017,North America
2017,7,UCL,95.6,https://www.topuniversities.com/universities/ucl,United Kingdom,London,https://www.topuniversities.com/sites/default/files/ucl_592560cf2aeae70239af4bf1_small.jpg
2017,Europe
2017,308,Universidad Austral,36.2,https://www.topuniversities.com/universities/universidad-austral,Argentina,Pilar,https://www.topuniversities.com/sites/default/files/universidad-austral_38_small.jpg
2017,Latin America
2017,210,Universidad Autónoma de Madrid,45.7,https://www.topuniversities.com/universities/universidad-autonoma-de-madrid,Spain,Madrid,https://www.topuniversities.com/sites/default/files/universidad-autnoma-de-madrid_379_small.jpg
2017,Europe
2017,280,Universidad Carlos III de Madrid (UC3M),37.8,https://www.topuniversities.com/universities/universidad-carlos-iii-de-madrid-uc3m,Spain,Madrid,https://www.topuniversities.com/sites/default/files/universidad-carlos-iii-de-madrid-uc3m_1509_small.jpg
2017,Europe
2017,128,Universidad Nacional Autónoma de México  (UNAM),58.3,https://www.topuniversities.com/universities/universidad-nacional-autonoma-de-mexico-unam,Mexico,Mexico City,https://www.topuniversities.com/sites/default/files/universidad-nacional-autnoma-de-mxico-unam_425_small.jpg
2017,Latin America
2017,200,Universidad de Chile,46.7,https://www.topuniversities.com/universities/universidad-de-chile,Chile,Santiago,https://www.topuniversities.com/sites/default/files/universidad-de-chile_121_small.jpg
2017,Latin America
2017,272,Universidad de los Andes,38.5,https://www.topuniversities.com/universities/universidad-de-los-andes,Colombia,Bogotá,https://www.topuniversities.com/sites/default/files/universidad-de-los-andes_592560cf2aeae70239af4bf6_small.jpg
2017,Latin America
2017,191,Universidade Estadual de Campinas (Unicamp),48,https://www.topuniversities.com/universities/universidade-estadual-de-campinas-unicamp,Brazil,Campinas,https://www.topuniversities.com/sites/default/files/universidade-estadual-de-campinas-unicamp_96_small.jpg
2017,Latin America
2017,366,Universidade Nova de Lisboa,32.1,https://www.topuniversities.com/universities/universidade-nova-de-lisboa,Portugal,Lisbon,https://www.topuniversities.com/sites/default/files/universidade-nova-de-lisboa_460_small.jpg
2017,Europe
2017,120,Universidade de São Paulo,59,https://www.topuniversities.com/universities/universidade-de-sao-paulo,Brazil,São Paulo,https://www.topuniversities.com/sites/default/files/universidade-de-so-paulo_550_small.jpg
2017,Latin America
2017,321,Universitat Politècnica de Catalunya · BarcelonaTech (UPC),35.3,https://www.topuniversities.com/universities/universitat-politecnica-de-catalunya-barcelonatech-upc,Spain,Barcelona,https://www.topuniversities.com/sites/default/files/universitat-politcnica-de-catalunya_103_small.jpg
2017,Europe
2017,283,Universitat Pompeu Fabra (Barcelona),37.6,https://www.topuniversities.com/universities/universitat-pompeu-fabra,Spain,Barcelona,https://www.topuniversities.com/sites/default/files/universitat-pompeu-fabra_504_small.jpg
2017,Europe
2017,160,Universitat de Barcelona,52.6,https://www.topuniversities.com/universities/universitat-de-barcelona,Spain,Barcelona,https://www.topuniversities.com/sites/default/files/university-of-barcelona_592560cf2aeae70239af4aaf_small.jpg
2017,Europe
2017,270,Universiti Putra Malaysia (UPM),38.8,https://www.topuniversities.com/universities/universiti-putra-malaysia-upm,Malaysia,Seri Kembangan,https://www.topuniversities.com/sites/default/files/universiti-putra-malaysia-upm_385_small.jpg
2017,Asia
2017,176,University College Dublin,49.7,https://www.topuniversities.com/universities/university-college-dublin,Ireland,Dublin,https://www.topuniversities.com/sites/default/files/university-college-dublin_166_small.jpg
2017,Europe
2017,94,University of Alberta,64,https://www.topuniversities.com/universities/university-alberta,Canada,Edmonton,https://www.topuniversities.com/sites/default/files/university-of-alberta_15_small.jpg
2017,North America
2017,141,University of Basel,55.6,https://www.topuniversities.com/universities/university-basel,Switzerland,Basel,https://www.topuniversities.com/sites/default/files/university-of-basel_46_small.jpg
2017,Europe
2017,82,University of Birmingham,67.2,https://www.topuniversities.com/universities/university-birmingham,United Kingdom,Birmingham,https://www.topuniversities.com/sites/default/files/university-of-birmingham_59_small.jpg
2017,Europe
2017,28,University of California|| Berkeley (UCB),85.2,https://www.topuniversities.com/universities/university-california-berkeley-ucb,United States,Berkeley,https://www.topuniversities.com/sites/default/files/university-of-california-berkeley-ucb_84_small.jpg
2017,North America
2017,85,University of California|| Davis,65.8,https://www.topuniversities.com/universities/university-california-davis,United States,Davis,https://www.topuniversities.com/sites/default/files/university-of-california-davis_592560cf2aeae70239af4ad8_small.jpg
2017,North America
2017,156,University of California|| Irvine,53.2,https://www.topuniversities.com/universities/university-california-irvine,United States,Irvine,https://www.topuniversities.com/sites/default/files/university-of-california-irvine_86_small.jpg
2017,North America
2017,40,University of California|| San Diego (UCSD),80.6,https://www.topuniversities.com/universities/university-california-san-diego-ucsd,United States,San Diego,https://www.topuniversities.com/sites/default/files/university-of-california-san-diego-ucsd_89_small.jpg
2017,North America
2017,118,University of California|| Santa Barbara (UCSB),59.4,https://www.topuniversities.com/universities/university-california-santa-barbara-ucsb,United States,Santa Barbara,https://www.topuniversities.com/sites/default/files/university-of-california-santa-barbara-ucsb_91_small.jpg
2017,North America
2017,296,University of California|| Santa Cruz,37.1,https://www.topuniversities.com/universities/university-california-santa-cruz,United States,Santa Cruz,https://www.topuniversities.com/sites/default/files/university-of-california-santa-cruz_92_small.jpg
2017,North America
2017,214,University of Canterbury,45.4,https://www.topuniversities.com/universities/university-canterbury,New Zealand,Christchurch,https://www.topuniversities.com/sites/default/files/university-of-canterbury_97_small.jpg
2017,Oceania
2017,170,University of Colorado Boulder,51.2,https://www.topuniversities.com/universities/university-colorado-boulder,United States,Boulder,https://www.topuniversities.com/sites/default/files/university-of-colorado-boulder_137_small.jpg
2017,North America
2017,68,University of Copenhagen,70.2,https://www.topuniversities.com/universities/university-copenhagen,Denmark,Copenhagen,https://www.topuniversities.com/sites/default/files/university-of-copenhagen_141_small.jpg
2017,Europe
2017,95,University of Geneva,63.6,https://www.topuniversities.com/universities/university-geneva,Switzerland,Geneva,https://www.topuniversities.com/sites/default/files/university-of-geneva_221_small.jpg
2017,Europe
2017,63,University of Glasgow,71.7,https://www.topuniversities.com/universities/university-glasgow,United Kingdom,Glasgow,https://www.topuniversities.com/sites/default/files/university-of-glasgow_592560cf2aeae70239af4b6c_small.jpg
2017,Europe
2017,113,University of Groningen,60,https://www.topuniversities.com/universities/university-groningen,Netherlands,Groningen,https://www.topuniversities.com/sites/default/files/university-of-groningen_243_small.jpg
2017,Europe
2017,187,University of Illinois at Chicago (UIC),48.4,https://www.topuniversities.com/universities/university-illinois-chicago-uic,United States,Chicago,https://www.topuniversities.com/sites/default/files/university-of-illinois-chicago-uic_592560cf2aeae70239af4b9a_small.jpg
2017,North America
2017,66,University of Illinois at Urbana-Champaign,71.4,https://www.topuniversities.com/universities/university-illinois-urbana-champaign,United States,Champaign,https://www.topuniversities.com/sites/default/files/university-of-illinois-at-urbana-champaign_2090_small.jpg
2017,North America
2017,393,University of Iowa,30.6,https://www.topuniversities.com/universities/university-iowa,United States,Iowa City,https://www.topuniversities.com/sites/default/files/university-of-iowa_592560cf2aeae70239af4baa_small.jpg
2017,North America
2017,373,University of Kansas,31.7,https://www.topuniversities.com/universities/university-kansas,United States,Lawrence,https://www.topuniversities.com/sites/default/files/university-of-kansas_309_small.jpg
2017,North America
2017,138,University of Lausanne,56.3,https://www.topuniversities.com/universities/university-lausanne,Switzerland,Lausanne,https://www.topuniversities.com/sites/default/files/university-of-lausanne_592560cf2aeae70239af4bd3_small.jpg
2017,Europe
2017,239,University of Leicester,42.1,https://www.topuniversities.com/universities/university-leicester,United Kingdom,Leicester,https://www.topuniversities.com/sites/default/files/university-of-leicester_339_small.jpg
2017,Europe
2017,330,University of Lisbon ,34.6,https://www.topuniversities.com/universities/university-lisbon,Portugal,Lisbon ,https://www.topuniversities.com/sites/default/files/university-of-lisbon_1475_small.jpg
2017,Europe
2017,131,University of Maryland|| College Park,57.6,https://www.topuniversities.com/universities/university-maryland-college-park,United States,College Park,https://www.topuniversities.com/sites/default/files/university-of-maryland-college-park_393_small.jpg
2017,North America
2017,252,University of Miami,40.6,https://www.topuniversities.com/universities/university-miami,United States,Miami,https://www.topuniversities.com/sites/default/files/university-of-miami_401_small.jpg
2017,North America
2017,245,University of Navarra,41.3,https://www.topuniversities.com/universities/university-navarra,Spain,Pamplona,https://www.topuniversities.com/sites/default/files/university-of-navarra_592560cf2aeae70239af4c40_small.jpg
2017,Europe
2017,78,University of North Carolina|| Chapel Hill,68.1,https://www.topuniversities.com/universities/university-north-carolina-chapel-hill,United States,Chapel Hill,https://www.topuniversities.com/sites/default/files/university-of-north-carolina-chapel-hill_424_small.jpg
2017,North America
2017,75,University of Nottingham,68.7,https://www.topuniversities.com/universities/university-nottingham,United Kingdom,Nottingham,https://www.topuniversities.com/sites/default/files/the-university-of-nottingham_592560cf2aeae70239af4c4e_small.jpg
2017,Europe
2017,291,University of Ottawa,37.3,https://www.topuniversities.com/universities/university-ottawa,Canada,Ottawa,https://www.topuniversities.com/sites/default/files/university-of-ottawa_475_small.jpg
2017,North America
2017,18,University of Pennsylvania,89,https://www.topuniversities.com/universities/university-pennsylvania,United States,Philadelphia,https://www.topuniversities.com/sites/default/files/university-of-pennsylvania_495_small.jpg
2017,North America
2017,185,University of Rochester,48.6,https://www.topuniversities.com/universities/university-rochester,United States,Rochester,https://www.topuniversities.com/sites/default/files/university-of-rochester_592560cf2aeae70239af4c96_small.jpg
2017,North America
2017,288,University of South Australia,37.4,https://www.topuniversities.com/universities/university-south-australia,Australia,Magill,https://www.topuniversities.com/sites/default/files/university-of-south-australia_566_small.jpg
2017,Oceania
2017,136,University of Southern California,56.7,https://www.topuniversities.com/universities/university-southern-california,United States,Los Angeles,https://www.topuniversities.com/sites/default/files/university-of-southern-california_569_small.jpg
2017,North America
2017,288,University of St.Gallen (HSG),37.4,https://www.topuniversities.com/universities/university-stgallen-hsg,Switzerland,St. Gallen,https://www.topuniversities.com/sites/default/files/university-of-st.gallen-hsg_571_small.jpg
2017,Europe
2017,385,University of Stirling,31,https://www.topuniversities.com/universities/university-stirling,United Kingdom,Stirling,https://www.topuniversities.com/sites/default/files/university-of-stirling_575_small.jpg
2017,Europe
2017,272,University of Strathclyde,38.5,https://www.topuniversities.com/universities/university-strathclyde,United Kingdom,Glasgow,https://www.topuniversities.com/sites/default/files/university-of-strathclyde_579_small.jpg
2017,Europe
2017,347,University of Tartu,33.6,https://www.topuniversities.com/universities/university-tartu,Estonia,Tartu,https://www.topuniversities.com/sites/default/files/university-of-tartu_592560cf2aeae70239af4d08_small.jpg
2017,Europe
2017,370,University of Tasmania,31.9,https://www.topuniversities.com/universities/university-tasmania,Australia,Hobart,https://www.topuniversities.com/sites/default/files/university-of-tasmania_592560cf2aeae70239af4cd5_small.jpg
2017,Oceania
2017,193,University of Technology Sydney,47.8,https://www.topuniversities.com/universities/university-technology-sydney,Australia,Haymarket,https://www.topuniversities.com/sites/default/files/university-of-technology-sydney_592560cf2aeae70239af4ccf_small.jpg
2017,Oceania
2017,380,University of Texas Dallas,31.3,https://www.topuniversities.com/universities/university-texas-dallas,United States,Richardson,https://www.topuniversities.com/sites/default/files/university-of-texas-dallas_592560cf2aeae70239af5355_small.jpg
2017,North America
2017,32,University of Toronto,83.8,https://www.topuniversities.com/universities/university-toronto,Canada,Toronto,https://www.topuniversities.com/sites/default/files/university-of-toronto_619_small.jpg
2017,North America
2017,377,University of Tromsø The Arctic University of Norway,31.4,https://www.topuniversities.com/universities/university-tromso-arctic-university-norway,Norway,Tromsø,https://www.topuniversities.com/sites/default/files/university-of-troms-the-arctic-university-of-norway_625_small.jpg
2017,Europe
2017,234,University of Turku,42.7,https://www.topuniversities.com/universities/university-turku,Finland,Turku,https://www.topuniversities.com/sites/default/files/university-of-turku_592560cf2aeae70239af4cfe_small.jpg
2017,Europe
2017,177,University of Twente,49.6,https://www.topuniversities.com/universities/university-twente,Netherlands,Enschede,https://www.topuniversities.com/sites/default/files/university-of-twente_635_small.jpg
2017,Europe
2017,325,University of Victoria (UVic),35,https://www.topuniversities.com/universities/university-victoria-uvic,Canada,Victoria,https://www.topuniversities.com/sites/default/files/university-of-victoria-uvic_592560cf2aeae70239af4d0e_small.jpg
2017,North America
2017,172,University of Virginia,50.5,https://www.topuniversities.com/universities/university-virginia,United States,Charlottesville,https://www.topuniversities.com/sites/default/files/university-of-virginia_656_small.jpg
2017,North America
2017,324,University of Waikato,35.1,https://www.topuniversities.com/universities/university-waikato,New Zealand,Hamilton ,https://www.topuniversities.com/sites/default/files/university-of-waikato_660_small.jpg
2017,Oceania
2017,152,University of Waterloo,53.8,https://www.topuniversities.com/universities/university-waterloo,Canada,Waterloo,https://www.topuniversities.com/sites/default/files/university-of-waterloo_670_small.jpg
2017,North America
2017,359,University of Witwatersrand,32.6,https://www.topuniversities.com/universities/university-witwatersrand,South Africa,Johannesburg,https://www.topuniversities.com/sites/default/files/university-of-the-witwatersrand_679_small.jpg
2017,Africa
2017,218,University of Wollongong,44.7,https://www.topuniversities.com/universities/university-wollongong,Australia,Wollongong,https://www.topuniversities.com/sites/default/files/university-of-wollongong_680_small.jpg
2017,Oceania
2017,80,University of Zurich,67.8,https://www.topuniversities.com/universities/university-zurich,Switzerland,Zürich,https://www.topuniversities.com/sites/default/files/university-of-zurich_693_small.jpg
2017,Europe
2017,338,Università di Padova,34.2,https://www.topuniversities.com/universities/universita-di-padova,Italy,Padua,https://www.topuniversities.com/sites/default/files/universitdi-padova_480_small.jpg
2017,Europe
2017,232,Universität Hamburg,42.9,https://www.topuniversities.com/universities/universitat-hamburg,Germany,Hamburg,https://www.topuniversities.com/sites/default/files/universitt-hamburg_592560cf2aeae70239af4b79_small.jpg
2017,Europe
2017,352,Universität Konstanz,33.2,https://www.topuniversities.com/universities/universitat-konstanz,Germany,Konstanz,https://www.topuniversities.com/sites/default/files/universitt-konstanz_323_small.jpg
2017,Europe
2017,262,Université Diderot  Paris 7,39.4,https://www.topuniversities.com/universities/universite-diderot-paris-7,France,Paris,https://www.topuniversities.com/sites/default/files/universit-diderot-paris-7_592560cf2aeae70239af4c6c_small.jpg
2017,Europe
2017,206,Université Grenoble Alpes,46.1,https://www.topuniversities.com/universities/universite-grenoble-alpes,France,Grenoble,https://www.topuniversities.com/sites/default/files/universit-grenoble-alpes_592560cf2aeae70239af5ab2_small.jpg
2017,Europe
2017,228,Université Paris 1 Panthéon-Sorbonne ,43.3,https://www.topuniversities.com/universities/universite-paris-1-pantheon-sorbonne,France,Paris,https://www.topuniversities.com/sites/default/files/universit-paris-1-panthon-sorbonne_482_small.jpg
2017,Europe
2017,377,Université Paris Descartes,31.4,https://www.topuniversities.com/universities/universite-paris-descartes,France,Paris ,https://www.topuniversities.com/sites/default/files/universit-paris-descartes_486_small.jpg
2017,Europe
2017,356,Université Paris-Dauphine|| Université PSL,32.8,https://www.topuniversities.com/universities/universite-paris-dauphine-universite-psl,France,Paris,https://www.topuniversities.com/sites/default/files/universit-paris-dauphine-universit-psl_592560cf2aeae70239af4c68_small.jpg
2017,Europe
2017,241,Université Paris-Saclay,42,https://www.topuniversities.com/universities/universite-paris-saclay,France,,https://www.topuniversities.com/sites/default/files/universit-paris-saclay_592560cf2aeae70239af4c6e_small.jpg
2017,Europe
2017,154,Université catholique de Louvain (UCLouvain),53.4,https://www.topuniversities.com/universities/universite-catholique-de-louvain-uclouvain,Belgium,Louvain-la-Neuve,https://www.topuniversities.com/sites/default/files/universit-catholique-de-louvain-uclouvain_592560cf2aeae70239af4aed_small.jpg
2017,Europe
2017,126,Université de Montréal ,58.5,https://www.topuniversities.com/universities/universite-de-montreal,Canada,Montreal,https://www.topuniversities.com/sites/default/files/universit-de-montral_417_small.jpg
2017,North America
2017,260,Université de Strasbourg,39.6,https://www.topuniversities.com/universities/universite-de-strasbourg,France,Strasbourg,https://www.topuniversities.com/sites/default/files/universit-de-strasbourg_578_small.jpg
2017,Europe
2017,98,Uppsala University,62.8,https://www.topuniversities.com/universities/uppsala-university,Sweden,Uppsala,https://www.topuniversities.com/sites/default/files/uppsala-university_643_small.jpg
2017,Europe
2017,104,Utrecht University,62.4,https://www.topuniversities.com/universities/utrecht-university,Netherlands,Utrecht,https://www.topuniversities.com/sites/default/files/utrecht-university_646_small.jpg
2017,Europe
2017,382,V. N. Karazin Kharkiv National University,31.2,https://www.topuniversities.com/universities/v-n-karazin-kharkiv-national-university,Ukraine,Kharkiv,https://www.topuniversities.com/sites/default/files/v.-n.-karazin-kharkiv-national-university_19511_small.jpg
2017,Europe
2017,203,Vanderbilt University,46.3,https://www.topuniversities.com/universities/vanderbilt-university,United States,Nashville,https://www.topuniversities.com/sites/default/files/vanderbilt-university_649_small.jpg
2017,North America
2017,361,Virginia Polytechnic Institute and State University,32.4,https://www.topuniversities.com/universities/virginia-polytechnic-institute-state-university,United States,Blacksburg,https://www.topuniversities.com/sites/default/files/virginia-polytechnic-institute-and-state-university_592560cf2aeae70239af4d15_small.jpg
2017,North America
2017,182,Vrije Universiteit Brussel (VUB),48.9,https://www.topuniversities.com/universities/vrije-universiteit-brussel-vub,Belgium,Brussels,https://www.topuniversities.com/sites/default/files/vrije-universiteit-brussel-vub_74_small.jpg
2017,Europe
2017,198,Western University,47.1,https://www.topuniversities.com/universities/western-university,Canada,London,https://www.topuniversities.com/sites/default/files/the-university-of-western-ontario_674_small.jpg
2017,North America
2017,294,Westfälische Wilhelms-Universität Münster ,37.2,https://www.topuniversities.com/universities/westfalische-wilhelms-universitat-munster,Germany,Münster,https://www.topuniversities.com/sites/default/files/westflische-wilhelms-universitt-mnster_421_small.jpg
2017,Europe
2017,318,Xi’an Jiaotong University,35.6,https://www.topuniversities.com/universities/xian-jiaotong-university,China (Mainland),Xi'an,https://www.topuniversities.com/sites/default/files/xian-jiaotong-university_683_small.jpg
2017,Asia
2017,330,Yeshiva University,34.6,https://www.topuniversities.com/universities/yeshiva-university,United States,New York City,https://www.topuniversities.com/sites/default/files/the-katz-school-at-yeshiva-university_685_small.jpg
2017,North America
2017,112,Yonsei University,60.5,https://www.topuniversities.com/universities/yonsei-university,South Korea,Seoul,https://www.topuniversities.com/sites/default/files/yonsei-university_688_small.jpg
2017,Asia
2017,110,Zhejiang University,61.6,https://www.topuniversities.com/universities/zhejiang-university,China (Mainland),Hangzhou,https://www.topuniversities.com/sites/default/files/zhejiang-university_592560cf2aeae70239af4d37_small.jpg
2017,Asia
2017,177,École Normale Supérieure de Lyon,49.6,https://www.topuniversities.com/universities/ecole-normale-superieure-de-lyon,France,Lyon,https://www.topuniversities.com/sites/default/files/cole-normale-suprieure-de-lyon_175_small.jpg
2017,Europe
